Event,Site,Reef,Nursery,Array,Position,Tag,Frag,Status,Area
2 Year,JA4,Inner Reef,Tree,H24,Low,10,1,0,0.345
2 Year,JA4,Inner Reef,Tree,H24,Low,10,2,1,0.07
2 Year,JA4,Inner Reef,Tree,H24,Low,10,3,1,0.31
2 Year,JA4,Inner Reef,Tree,H24,Low,10,4,0,0.849
2 Year,JA4,Inner Reef,Tree,H24,Low,30,1,0,0.523
2 Year,JA4,Inner Reef,Tree,H24,Low,30,2,0,1.108
2 Year,JA4,Inner Reef,Tree,H24,Low,30,3,0,0.18
2 Year,JA4,Inner Reef,Tree,H24,Low,30,4,0,0.586
2 Year,JA4,Inner Reef,Tree,H24,High,844,1,1,0.176
2 Year,JA4,Inner Reef,Tree,H24,High,844,2,0,1.42
2 Year,JA4,Inner Reef,Tree,H24,High,844,3,1,0.133
2 Year,JA4,Inner Reef,Tree,H24,High,844,4,0,0.221
2 Year,JA4,Inner Reef,Mod,H24,High,48,1,0,1.724
2 Year,JA4,Inner Reef,Mod,H24,High,48,2,0,0.988
2 Year,JA4,Inner Reef,Mod,H24,High,48,3,0,0.48
2 Year,JA4,Inner Reef,Mod,H24,High,48,4,0,1.009
2 Year,JA4,Inner Reef,Mod,H24,High,831,1,0,0.492
2 Year,JA4,Inner Reef,Mod,H24,High,831,2,0,1.397
2 Year,JA4,Inner Reef,Mod,H24,High,831,3,0,0.523
2 Year,JA4,Inner Reef,Mod,H24,High,831,4,1,0.952
2 Year,JA4,Inner Reef,Mod,H24,Low,46,1,0,0.246
2 Year,JA4,Inner Reef,Mod,H24,Low,46,2,1,0.282
2 Year,JA4,Inner Reef,Mod,H24,Low,46,3,1,0.228
2 Year,JA4,Inner Reef,Table,H24,Low,46,4,1,0.109
2 Year,JA4,Inner Reef,Table,H24,High,824,1,0,0.774
2 Year,JA4,Inner Reef,Mod,H24,High,824,2,0,0.403
2 Year,JA4,Inner Reef,Table,H24,High,824,3,1,0.58
2 Year,JA4,Inner Reef,Table,H24,High,824,4,1,1.107
2 Year,JA4,Inner Reef,Mod,H24,Low,1,1,0,1.156
2 Year,JA4,Inner Reef,Mod,H24,Low,1,2,0,1.866
2 Year,JA4,Inner Reef,Mod,H24,Low,1,3,0,1.227
2 Year,JA4,Inner Reef,Mod,H24,Low,1,4,0,1.192
2 Year,JA4,Inner Reef,Mod,H24,Low,20,1,0,0.559
2 Year,JA4,Inner Reef,Table,H24,Low,20,2,0,1.227
2 Year,JA4,Inner Reef,Mod,H24,Low,20,3,0,1.494
2 Year,JA4,Inner Reef,Mod,H24,Low,20,4,1,0.316
2 Year,JA4,Inner Reef,Mod,H24,High,1098,1,0,0.802
2 Year,JA4,Inner Reef,Mod,H24,High,1098,2,0,1.176
2 Year,JA4,Inner Reef,Mod,H24,High,1098,3,0,0.819
2 Year,JA4,Inner Reef,Mod,H24,High,1098,4,0,1.442
2 Year,JA4,Inner Reef,Tree,H24,Low,47,1,1,0.297
2 Year,JA4,Inner Reef,Tree,H24,Low,47,2,1,0.414
2 Year,JA4,Inner Reef,Tree,H24,Low,47,3,1,0.105
2 Year,JA4,Inner Reef,Tree,H24,Low,47,4,1,1.549
2 Year,JA4,Inner Reef,Table,H24,High,842,1,0,0.998
2 Year,JA4,Inner Reef,Table,H24,High,842,2,1,0.143
2 Year,JA4,Inner Reef,Table,H24,High,842,3,0,0.236
2 Year,JA4,Inner Reef,Mod,H24,High,842,4,1,0.774
2 Year,JA4,Inner Reef,Mod,G37,Low,873,1,1,0.473
2 Year,JA4,Inner Reef,Mod,G37,Low,873,2,1,0.818
2 Year,JA4,Inner Reef,Mod,G37,Low,873,3,1,0.814
2 Year,JA4,Inner Reef,Mod,G37,Low,873,4,1,1.073
2 Year,JA4,Inner Reef,Table,G37,High,940,1,1,1.061
2 Year,JA4,Inner Reef,Table,G37,High,940,2,1,2.465
2 Year,JA4,Inner Reef,Table,G37,High,940,3,1,0.733
2 Year,JA4,Inner Reef,Table,G37,High,940,4,1,2.15
2 Year,JA4,Inner Reef,Mod,G37,High,870,1,0,0.17
2 Year,JA4,Inner Reef,Mod,G37,High,870,2,1,0.257
2 Year,JA4,Inner Reef,Mod,G37,High,870,3,0,0.796
2 Year,JA4,Inner Reef,Mod,G37,High,870,4,0,0.47
2 Year,JA4,Inner Reef,Mod,G37,Low,894,1,0,0.644
2 Year,JA4,Inner Reef,Mod,G37,Low,894,2,0,0.689
2 Year,JA4,Inner Reef,Mod,G37,Low,894,3,0,0.213
2 Year,JA4,Inner Reef,Mod,G37,Low,894,4,0,0.225
2 Year,JA4,Inner Reef,Mod,G37,High,883,1,0,1.166
2 Year,JA4,Inner Reef,Mod,G37,High,883,2,0,1.179
2 Year,JA4,Inner Reef,Mod,G37,High,883,3,0,1.06
2 Year,JA4,Inner Reef,Mod,G37,High,883,4,0,1.685
2 Year,JA4,Inner Reef,Mod,G37,High,854,1,0,1.46
2 Year,JA4,Inner Reef,Mod,G37,High,854,2,0,0.513
2 Year,JA4,Inner Reef,Mod,G37,High,854,3,0,0.68
2 Year,JA4,Inner Reef,Mod,G37,High,854,4,0,0.452
2 Year,JA4,Inner Reef,Mod,G37,Low,866,1,0,2.315
2 Year,JA4,Inner Reef,Mod,G37,Low,866,2,0,1.411
2 Year,JA4,Inner Reef,Mod,G37,Low,866,3,1,1.068
2 Year,JA4,Inner Reef,Mod,G37,Low,866,4,1,0.702
2 Year,JA4,Inner Reef,Table,G37,Low,850,1,1,3.829
2 Year,JA4,Inner Reef,Table,G37,Low,850,2,1,0.537
2 Year,JA4,Inner Reef,Table,G37,Low,850,3,1,0.1
2 Year,JA4,Inner Reef,Table,G37,Low,850,4,0,0.211
2 Year,JA4,Inner Reef,Mod,G37,High,880,1,1,0.987
2 Year,JA4,Inner Reef,Mod,G37,High,880,2,0,0.587
2 Year,JA4,Inner Reef,Mod,G37,High,880,3,1,0.66
2 Year,JA4,Inner Reef,Mod,G37,High,880,4,1,0.423
2 Year,JA4,Inner Reef,Mod,G37,Low,862,1,0,2.271
2 Year,JA4,Inner Reef,Mod,G37,Low,862,2,1,1.335
2 Year,JA4,Inner Reef,Mod,G37,Low,862,3,0,0.579
2 Year,JA4,Inner Reef,Mod,G37,Low,862,4,0,2.051
2 Year,JA4,Inner Reef,Mod,G37,High,874,1,1,0.953
2 Year,JA4,Inner Reef,Mod,G37,High,874,2,1,0.315
2 Year,JA4,Inner Reef,Mod,G37,High,874,3,1,0.486
2 Year,JA4,Inner Reef,Mod,G37,High,874,4,1,0.422
2 Year,JA4,Inner Reef,Mod,G37,Low,859,1,0,1.052
2 Year,JA4,Inner Reef,Mod,G37,Low,859,2,0,1.938
2 Year,JA4,Inner Reef,Mod,G37,Low,859,3,0,1.118
2 Year,JA4,Inner Reef,Mod,G37,Low,859,4,0,1.582
2 Year,JA6,Nearshore,Mod,X17,Low,419,1,0,2.103
2 Year,JA6,Nearshore,Mod,X17,Low,419,2,0,0.445
2 Year,JA6,Nearshore,Mod,X17,Low,419,3,1,1.09
2 Year,JA6,Nearshore,Mod,X17,Low,419,4,1,0.271
2 Year,JA6,Nearshore,Mod,X17,High,355,1,0,1.865
2 Year,JA6,Nearshore,Mod,X17,High,355,2,1,1.219
2 Year,JA6,Nearshore,Mod,X17,High,355,3,1,1.235
2 Year,JA6,Nearshore,Mod,X17,High,355,4,0,1.859
2 Year,JA6,Nearshore,Tree,X17,High,441,1,0,2.275
2 Year,JA6,Nearshore,Tree,X17,High,441,2,0,1.501
2 Year,JA6,Nearshore,Tree,X17,High,441,3,0,3.742
2 Year,JA6,Nearshore,Tree,X17,High,441,4,0,3.308
2 Year,JA6,Nearshore,Mod,X17,High,910,1,0,1.752
2 Year,JA6,Nearshore,Mod,X17,High,910,2,0,1.643
2 Year,JA6,Nearshore,Mod,X17,High,910,3,0,0.73
2 Year,JA6,Nearshore,Mod,X17,High,910,4,0,0.868
2 Year,JA6,Nearshore,Mod,X17,Low,427,1,1,1.671
2 Year,JA6,Nearshore,Mod,X17,Low,427,2,1,0.593
2 Year,JA6,Nearshore,Mod,X17,Low,427,3,1,0.842
2 Year,JA6,Nearshore,Mod,X17,Low,427,4,0,1.313
2 Year,JA6,Nearshore,Tree,X17,High,409,1,0,2.714
2 Year,JA6,Nearshore,Tree,X17,High,409,2,0,0.443
2 Year,JA6,Nearshore,Tree,X17,High,409,3,0,3.267
2 Year,JA6,Nearshore,Tree,X17,High,409,4,0,1.947
2 Year,JA6,Nearshore,Tree,X17,Low,924,1,1,0.841
2 Year,JA6,Nearshore,Tree,X17,Low,924,2,1,0.801
2 Year,JA6,Nearshore,Tree,X17,Low,924,3,0,0.278
2 Year,JA6,Nearshore,Tree,X17,Low,924,4,0,1.308
2 Year,JA6,Nearshore,Table,X17,High,931,1,0,1.217
2 Year,JA6,Nearshore,Table,X17,High,931,2,1,0.9
2 Year,JA6,Nearshore,Table,X17,High,931,3,0,4.46
2 Year,JA6,Nearshore,Table,X17,High,931,4,1,1.921
2 Year,JA6,Nearshore,Mod,X17,Low,914,1,1,0.537
2 Year,JA6,Nearshore,Mod,X17,Low,914,2,0,0.484
2 Year,JA6,Nearshore,Mod,X17,Low,914,4,0,0.222
2 Year,JA6,Nearshore,Mod,X17,Low,423,1,0,0.746
2 Year,JA6,Nearshore,Table,X17,Low,423,2,0,0.578
2 Year,JA6,Nearshore,Table,X17,Low,423,3,1,0.91
2 Year,JA6,Nearshore,Table,X17,Low,423,4,1,0.151
2 Year,JA6,Nearshore,Mod,X17,High,455,1,1,1.346
2 Year,JA6,Nearshore,Mod,X17,High,455,2,0,1.666
2 Year,JA6,Nearshore,Mod,X17,High,455,3,0,0.605
2 Year,JA6,Nearshore,Mod,X17,High,455,4,1,1.85
2 Year,JA6,Nearshore,Mod,X17,Low,933,1,0,2.035
2 Year,JA6,Nearshore,Mod,X17,Low,933,2,0,1.888
2 Year,JA6,Nearshore,Mod,X17,Low,933,3,0,0.981
2 Year,JA6,Nearshore,Mod,X17,Low,933,4,1,3.679
2 Year,JA6,Nearshore,Mod,G24,High,49,1,1,0.387
2 Year,JA6,Nearshore,Tree,G24,High,49,2,0,0.95
2 Year,JA6,Nearshore,Mod,G24,High,49,3,1,0.385
2 Year,JA6,Nearshore,Mod,G24,High,49,4,0,1.371
2 Year,JA6,Nearshore,Mod,G24,Low,57,1,1,0.875
2 Year,JA6,Nearshore,Mod,G24,Low,57,2,0,2.182
2 Year,JA6,Nearshore,Mod,G24,Low,57,3,1,0.409
2 Year,JA6,Nearshore,Mod,G24,Low,57,4,0,0.321
2 Year,JA6,Nearshore,Mod,G24,Low,58,1,0,1.287
2 Year,JA6,Nearshore,Mod,G24,Low,58,2,1,1.186
2 Year,JA6,Nearshore,Mod,G24,Low,58,3,1,0.944
2 Year,JA6,Nearshore,Mod,G24,Low,58,4,0,0.97
2 Year,JA6,Nearshore,Table,G24,Low,66,1,1,0.096
2 Year,JA6,Nearshore,Table,G24,Low,66,2,0,0.603
2 Year,JA6,Nearshore,Table,G24,Low,66,3,0,0.509
2 Year,JA6,Nearshore,Table,G24,Low,66,4,0,0.205
2 Year,JA6,Nearshore,Table,G24,High,48,1,1,0.431
2 Year,JA6,Nearshore,Table,G24,High,48,2,0,0.506
2 Year,JA6,Nearshore,Table,G24,High,48,3,0,1.531
2 Year,JA6,Nearshore,Table,G24,High,48,4,0,1.02
2 Year,JA6,Nearshore,Table,G24,Low,50,1,0,0.41
2 Year,JA6,Nearshore,Table,G24,Low,50,2,1,0.96
2 Year,JA6,Nearshore,Table,G24,Low,50,3,0,0.173
2 Year,JA6,Nearshore,Table,G24,Low,50,4,1,0.339
2 Year,JA6,Nearshore,Mod,G24,Low,1071,1,0,1.546
2 Year,JA6,Nearshore,Mod,G24,Low,1071,2,0,0.54
2 Year,JA6,Nearshore,Mod,G24,Low,1071,3,0,2.235
2 Year,JA6,Nearshore,Mod,G24,Low,1071,4,1,0.729
2 Year,JA6,Nearshore,Mod,G24,Low,1083,1,1,0.7
2 Year,JA6,Nearshore,Mod,G24,Low,1083,2,1,0.48
2 Year,JA6,Nearshore,Mod,G24,Low,1083,3,1,0.829
2 Year,JA6,Nearshore,Mod,G24,Low,1083,4,0,0.516
2 Year,JA6,Nearshore,Mod,G24,High,923,1,0,1.059
2 Year,JA6,Nearshore,Mod,G24,High,923,2,0,1.92
2 Year,JA6,Nearshore,Mod,G24,High,923,3,1,0.795
2 Year,JA6,Nearshore,Mod,G24,High,923,4,1,1.451
2 Year,JA6,Nearshore,Table,G24,High,65,1,1,0.735
2 Year,JA6,Nearshore,Table,G24,High,65,2,0,0.524
2 Year,JA6,Nearshore,Table,G24,High,65,3,1,0.872
2 Year,JA6,Nearshore,Table,G24,High,65,4,0,0.465
2 Year,JA6,Nearshore,Tree,G24,High,60,1,1,2
2 Year,JA6,Nearshore,Mod,G24,High,60,2,1,1.124
2 Year,JA6,Nearshore,Mod,G24,High,60,3,1,0.894
2 Year,JA6,Nearshore,Mod,G24,High,60,4,0,3.98
2 Year,JA6,Nearshore,Mod,G24,High,59,1,0,1.201
2 Year,JA6,Nearshore,Mod,G24,High,59,2,0,2.375
2 Year,JA6,Nearshore,Mod,G24,High,59,3,0,1.245
2 Year,JA6,Nearshore,Mod,G24,High,59,4,0,2.496
2 Year,Clip,Artificial Reef,Mod,CI2,Low,891,1,1,0.546
2 Year,Clip,Artificial Reef,Mod,CI2,Low,891,2,1,0.531
2 Year,Clip,Artificial Reef,Mod,CI2,Low,891,3,1,0.233
2 Year,Clip,Artificial Reef,Mod,CI2,Low,891,4,0,0.03
2 Year,Clip,Artificial Reef,Mod,CI2,Low,852,1,0,0.423
2 Year,Clip,Artificial Reef,Mod,CI2,Low,852,2,1,0.138
2 Year,Clip,Artificial Reef,Mod,CI2,Low,852,3,0,0.535
2 Year,Clip,Artificial Reef,Mod,CI2,Low,852,4,0,0.749
2 Year,Clip,Artificial Reef,Mod,CI2,Low,863,1,0,0.675
2 Year,Clip,Artificial Reef,Mod,CI2,Low,863,2,0,0.423
2 Year,Clip,Artificial Reef,Mod,CI2,Low,863,3,1,0.743
2 Year,Clip,Artificial Reef,Mod,CI2,Low,863,4,0,0.428
2 Year,Clip,Artificial Reef,Mod,CI2,Low,864,1,0,0.052
2 Year,Clip,Artificial Reef,Mod,CI2,Low,864,2,0,0.114
2 Year,Clip,Artificial Reef,Mod,CI2,Low,864,3,0,0.355
2 Year,Clip,Artificial Reef,Mod,CI2,Low,864,4,1,0.142
2 Year,Clip,Artificial Reef,Mod,CI2,Low,860,1,0,1.251
2 Year,Clip,Artificial Reef,Mod,CI2,Low,860,2,0,1.621
2 Year,Clip,Artificial Reef,Mod,CI2,Low,860,3,1,1.396
2 Year,Clip,Artificial Reef,Mod,CI2,Low,860,4,1,0.071
2 Year,Clip,Artificial Reef,Mod,CI2,Low,892,1,0,0.874
2 Year,Clip,Artificial Reef,Mod,CI2,Low,892,2,0,0.818
2 Year,Clip,Artificial Reef,Mod,CI2,Low,892,3,0,1.103
2 Year,Clip,Artificial Reef,Mod,CI2,Low,892,4,0,0.515
2 Year,Clip,Artificial Reef,Mod,CI2,Low,893,1,1,0.327
2 Year,Clip,Artificial Reef,Mod,CI2,Low,893,3,1,0.091
2 Year,Clip,Artificial Reef,Mod,CI2,Low,893,4,0,0.925
2 Year,Clip,Artificial Reef,Mod,CI2,Low,1181,1,0,1.27
2 Year,Clip,Artificial Reef,Mod,CI2,Low,1181,2,0,0.624
2 Year,Clip,Artificial Reef,Mod,CI2,Low,1181,3,0,0.795
2 Year,Clip,Artificial Reef,Mod,CI2,Low,1181,4,1,0.849
2 Year,Clip,Artificial Reef,Mod,XC8,High,871,1,1,0.583
2 Year,Clip,Artificial Reef,Mod,XC8,High,871,2,1,0.886
2 Year,Clip,Artificial Reef,Mod,XC8,High,871,3,1,1.367
2 Year,Clip,Artificial Reef,Mod,XC8,High,871,4,1,0.413
2 Year,Clip,Artificial Reef,Mod,XC8,High,882,1,1,0.969
2 Year,Clip,Artificial Reef,Mod,XC8,High,882,2,1,1.084
2 Year,Clip,Artificial Reef,Mod,XC8,High,882,3,1,0.501
2 Year,Clip,Artificial Reef,Mod,XC8,High,882,4,1,0.536
2 Year,Clip,Artificial Reef,Mod,XC8,High,861,1,1,0.069
2 Year,Clip,Artificial Reef,Mod,XC8,High,861,2,1,0.068
2 Year,Clip,Artificial Reef,Mod,XC8,High,861,3,1,0.509
2 Year,Clip,Artificial Reef,Mod,XC8,High,861,4,1,0.503
2 Year,Clip,Artificial Reef,Mod,XC8,High,881,1,1,0.756
2 Year,Clip,Artificial Reef,Mod,XC8,High,881,2,1,0.122
2 Year,Clip,Artificial Reef,Mod,XC8,High,881,3,1,0.138
2 Year,Clip,Artificial Reef,Mod,XC8,High,881,4,1,0.358
2 Year,Clip,Artificial Reef,Mod,XC8,High,872,1,1,0.548
2 Year,Clip,Artificial Reef,Mod,XC8,High,872,2,1,0.962
2 Year,Clip,Artificial Reef,Mod,XC8,High,872,3,1,0.36
2 Year,Clip,Artificial Reef,Mod,XC8,High,872,4,1,0.449
2 Year,Clip,Artificial Reef,Mod,XC8,High,890,1,1,0.393
2 Year,Clip,Artificial Reef,Mod,XC8,High,890,2,1,0.372
2 Year,Clip,Artificial Reef,Mod,XC8,High,890,3,1,0.82
2 Year,Clip,Artificial Reef,Mod,XC8,High,890,4,1,0.43
2 Year,Clip,Artificial Reef,Mod,XC8,High,250,1,1,1.109
2 Year,Clip,Artificial Reef,Mod,XC8,High,250,2,1,1.006
2 Year,Clip,Artificial Reef,Mod,XC8,High,250,3,1,0.046
2 Year,Clip,Artificial Reef,Mod,XC8,High,250,4,0,0.273
2 Year,Clip,Artificial Reef,Mod,XC8,High,851,1,1,0.03
2 Year,Clip,Artificial Reef,Mod,XC8,High,851,2,1,0.372
2 Year,Clip,Artificial Reef,Mod,XC8,High,851,3,1,0.418
2 Year,Clip,Artificial Reef,Mod,XC8,High,851,4,1,0.405
,,,,,,,,,
,,,,,,,,,
,,,,,,,,,
,,,,,,,,,
,,,,,,,,,
,,,,,,,,,
,,,,,,,,,
,,,,,,,,,
,,,,,,,,,
,,,,,,,,,
,,,,,,,,,
,,,,,,,,,
,,,,,,,,,
,,,,,,,,,
,,,,,,,,,
,,,,,,,,,
,,,,,,,,,
,,,,,,,,,
,,,,,,,,,
,,,,,,,,,
,,,,,,,,,
,,,,,,,,,
,,,,,,,,,
,,,,,,,,,
,,,,,,,,,
,,,,,,,,,
,,,,,,,,,
,,,,,,,,,
,,,,,,,,,
,,,,,,,,,
,,,,,,,,,
,,,,,,,,,
,,,,,,,,,
,,,,,,,,,
,,,,,,,,,
,,,,,,,,,
,,,,,,,,,
,,,,,,,,,
,,,,,,,,,
,,,,,,,,,
,,,,,,,,,
,,,,,,,,,
,,,,,,,,,
,,,,,,,,,
,,,,,,,,,
,,,,,,,,,
,,,,,,,,,
,,,,,,,,,
,,,,,,,,,
,,,,,,,,,
,,,,,,,,,
,,,,,,,,,
,,,,,,,,,
,,,,,,,,,
,,,,,,,,,
,,,,,,,,,
,,,,,,,,,
,,,,,,,,,
,,,,,,,,,
,,,,,,,,,
,,,,,,,,,
,,,,,,,,,
,,,,,,,,,
,,,,,,,,,
,,,,,,,,,
,,,,,,,,,
,,,,,,,,,
,,,,,,,,,
,,,,,,,,,
,,,,,,,,,
,,,,,,,,,
,,,,,,,,,
,,,,,,,,,
,,,,,,,,,
,,,,,,,,,
,,,,,,,,,
,,,,,,,,,
,,,,,,,,,
,,,,,,,,,
,,,,,,,,,
,,,,,,,,,
,,,,,,,,,
,,,,,,,,,
,,,,,,,,,
,,,,,,,,,
,,,,,,,,,
,,,,,,,,,
,,,,,,,,,
,,,,,,,,,
,,,,,,,,,
,,,,,,,,,
,,,,,,,,,
,,,,,,,,,
,,,,,,,,,
,,,,,,,,,
,,,,,,,,,
,,,,,,,,,
,,,,,,,,,
,,,,,,,,,
,,,,,,,,,
,,,,,,,,,
,,,,,,,,,
,,,,,,,,,
,,,,,,,,,
,,,,,,,,,
,,,,,,,,,
,,,,,,,,,
,,,,,,,,,
,,,,,,,,,
,,,,,,,,,
,,,,,,,,,
,,,,,,,,,
,,,,,,,,,
,,,,,,,,,
,,,,,,,,,
,,,,,,,,,
,,,,,,,,,
,,,,,,,,,
,,,,,,,,,
,,,,,,,,,
,,,,,,,,,
,,,,,,,,,
,,,,,,,,,
,,,,,,,,,
,,,,,,,,,
,,,,,,,,,
,,,,,,,,,
,,,,,,,,,
,,,,,,,,,
,,,,,,,,,
,,,,,,,,,
,,,,,,,,,
,,,,,,,,,
,,,,,,,,,
,,,,,,,,,
,,,,,,,,,
,,,,,,,,,
,,,,,,,,,
,,,,,,,,,
,,,,,,,,,
,,,,,,,,,
,,,,,,,,,
,,,,,,,,,
,,,,,,,,,
,,,,,,,,,
,,,,,,,,,
,,,,,,,,,
,,,,,,,,,
,,,,,,,,,
,,,,,,,,,
,,,,,,,,,
,,,,,,,,,
,,,,,,,,,
,,,,,,,,,
,,,,,,,,,
,,,,,,,,,
,,,,,,,,,
,,,,,,,,,
,,,,,,,,,
,,,,,,,,,
,,,,,,,,,
,,,,,,,,,
,,,,,,,,,
,,,,,,,,,
,,,,,,,,,
,,,,,,,,,
,,,,,,,,,
,,,,,,,,,
,,,,,,,,,
,,,,,,,,,
,,,,,,,,,
,,,,,,,,,
,,,,,,,,,
,,,,,,,,,
,,,,,,,,,
,,,,,,,,,
,,,,,,,,,
,,,,,,,,,
,,,,,,,,,
,,,,,,,,,
,,,,,,,,,
,,,,,,,,,
,,,,,,,,,
,,,,,,,,,
,,,,,,,,,
,,,,,,,,,
,,,,,,,,,
,,,,,,,,,
,,,,,,,,,
,,,,,,,,,
,,,,,,,,,
,,,,,,,,,
,,,,,,,,,
,,,,,,,,,
,,,,,,,,,
,,,,,,,,,
,,,,,,,,,
,,,,,,,,,
,,,,,,,,,
,,,,,,,,,
,,,,,,,,,
,,,,,,,,,
,,,,,,,,,
,,,,,,,,,
,,,,,,,,,
,,,,,,,,,
,,,,,,,,,
,,,,,,,,,
,,,,,,,,,
,,,,,,,,,
,,,,,,,,,
,,,,,,,,,
,,,,,,,,,
,,,,,,,,,
,,,,,,,,,
,,,,,,,,,
,,,,,,,,,
,,,,,,,,,
,,,,,,,,,
,,,,,,,,,
,,,,,,,,,
,,,,,,,,,
,,,,,,,,,
,,,,,,,,,
,,,,,,,,,
,,,,,,,,,
,,,,,,,,,
,,,,,,,,,
,,,,,,,,,
,,,,,,,,,
,,,,,,,,,
,,,,,,,,,
,,,,,,,,,
,,,,,,,,,
,,,,,,,,,
,,,,,,,,,
,,,,,,,,,
,,,,,,,,,
,,,,,,,,,
,,,,,,,,,
,,,,,,,,,
,,,,,,,,,
,,,,,,,,,
,,,,,,,,,
,,,,,,,,,
,,,,,,,,,
,,,,,,,,,
,,,,,,,,,
,,,,,,,,,
,,,,,,,,,
,,,,,,,,,
,,,,,,,,,
,,,,,,,,,
,,,,,,,,,
,,,,,,,,,
,,,,,,,,,
,,,,,,,,,
,,,,,,,,,
,,,,,,,,,
,,,,,,,,,
,,,,,,,,,
,,,,,,,,,
,,,,,,,,,
,,,,,,,,,
,,,,,,,,,
,,,,,,,,,
,,,,,,,,,
,,,,,,,,,
,,,,,,,,,
,,,,,,,,,
,,,,,,,,,
,,,,,,,,,
,,,,,,,,,
,,,,,,,,,
,,,,,,,,,
,,,,,,,,,
,,,,,,,,,
,,,,,,,,,
,,,,,,,,,
,,,,,,,,,
,,,,,,,,,
,,,,,,,,,
,,,,,,,,,
,,,,,,,,,
,,,,,,,,,
,,,,,,,,,
,,,,,,,,,
,,,,,,,,,
,,,,,,,,,
,,,,,,,,,
,,,,,,,,,
,,,,,,,,,
,,,,,,,,,
,,,,,,,,,
,,,,,,,,,
,,,,,,,,,
,,,,,,,,,
,,,,,,,,,
,,,,,,,,,
,,,,,,,,,
,,,,,,,,,
,,,,,,,,,
,,,,,,,,,
,,,,,,,,,
,,,,,,,,,
,,,,,,,,,
,,,,,,,,,
,,,,,,,,,
,,,,,,,,,
,,,,,,,,,
,,,,,,,,,
,,,,,,,,,
,,,,,,,,,
,,,,,,,,,
,,,,,,,,,
,,,,,,,,,
,,,,,,,,,
,,,,,,,,,
,,,,,,,,,
,,,,,,,,,
,,,,,,,,,
,,,,,,,,,
,,,,,,,,,
,,,,,,,,,
,,,,,,,,,
,,,,,,,,,
,,,,,,,,,
,,,,,,,,,
,,,,,,,,,
,,,,,,,,,
,,,,,,,,,
,,,,,,,,,
,,,,,,,,,
,,,,,,,,,
,,,,,,,,,
,,,,,,,,,
,,,,,,,,,
,,,,,,,,,
,,,,,,,,,
,,,,,,,,,
,,,,,,,,,
,,,,,,,,,
,,,,,,,,,
,,,,,,,,,
,,,,,,,,,
,,,,,,,,,
,,,,,,,,,
